Yorum,Duygu
çok kötü bir ürün asla tavsiye etmiyoruz,0
1 yıl dayanmadı ıdare eder demıcem cunku etmedı heryerınde bı arza cıktı servısı cok ıyı onun harıncınde alt sevıye bır telefon genç işi deıl telefonu az kullananlar ıcın ıdael olabilir.,0
Eline fazla telefon almayan biri olarak şarjı bir gün bile gitmiyor telefon çabuk ısınıyo hiç beğenmedim,0
5 para etmez,0
"Telefon konusunda en büyük hatam Vestel güvenip bu markadan almak oldu hem de 2 tane. Telefonun görüntü ve ses kalitesi kötü ötesi, sürekli ısınma problemi taşatan ve aşırı ısınma uyarısı veren bir telefon. İnsan bataryası patlayacak diye korkuyor. Ayrıca tüm hatayı her seferinde kullanıcıya çıkaran başka bir marka görmedim. Telefonu garantiye göndermek ayrı bir skandal. Telefonu garantiye her göndermek istediğimde ayrı bir zorluk çıkardılar. Kendinize ve paranıza yazık etmeyin.",0
Arkadaşlar ben de alırken özelliklerine bakıp aldım ama pişman oldum telefonda aşırı ısınma var durduk yere sizi uygulamalardan atabiliyor kulaklığı çok çabuk sürede bozuldu şarj cihazı bozuldu ve alalı 1 sene dahi olmadı oyun oynamak isterseniz aynı özellikteki telefonlara göre aşırı kasma oluyo telefonu kullanırken kendiliğinden yeniden başlatıyor ve sanırım sadece bu modelin sıkıntısı rehberden atıyo araştırabilirsiniz bunu nette aynı sorunla karşılaşan kişiler bulabilirsiniz play store dan rehber uygulaması indirdim onu kullanıyorum kamerası kesinlikle 16 mp değil hiçbir özelliği yok normal bir şekilde kullanılıyo hafıza sıkıntısı var sd kart dahili hafızaya eklenmiyor diyeceğim şu ki pişman olmasam bu kadar yazı yazmaya uğraşmazdım almanızı tavsiye etmem,0
"bi yorum yapanın dediği gibi kağıt üzerinde özellikleri iyi. o kadarda oyun performansı yok. ek olarak alalı 1,5 sene falan oldu. düşürmedim değil kabul telefonu 4-5 kez düşürdüm. mikrofon gitti ek olarak düzenli periyodla açılıp kapanıyor telefon. teknik servise götürdüm. bakalım ne olacak",0
"Telefonu yerli üretim  olması ve burada yapılan yorumlara dayanarak aldım. Bir yıl sorunsuz çalıştı ama bir gün telefon dondu ve bir daha açılmadı. Vestel yetkili servisi aracılığıyla ""güven üssü"" denilen bir yere gönderildi. Telefonun anakartı dahil olmak üzere dört parçası değiştirilip gönderildi. Tabi bu arada telefondaki rehber ve diğer bilgiler de uçtu gitti. Servisten geldikten bir ay sonra telefon yine dondu. Bir gün sonra tam servise gönderme hazırlığı yaparken kendiliğinden tekrar açıldı. Ama artık bu telefon yüzünden vestel markası gözümde tamamen sıfır oldu. Artık bu telefonu güvenip kullanamam. Risk seviyorsanız alabilirsiniz. Ben hiç tavsiye etmiyorum.",0
"Kesinlikle önermiyorum.Aldığınız ürünün arızalı çıkma şansı %50, şaka yapmıyorum.Yeni aldığım üründe telefon kendini kapatıyor sık sık.Yetmedi güncelleme falan geldi yaptık, sorun çıktı birçok.Yazık yani bu kadar ümitle aldık...",0
Beş para etmez kalitesiz sadece pil gücü yüksek oda alım için etken değil ,0
Bozulana kadar sıkıntı yok. Ama bozulursa servis 0. 6 kez yolladım problemi çözemediler ,0
Devamlı arıza çıkartıyor. Rehber e girmiyor. Arama yapmıyor. Hafıza kartını görmüyor. Kendi kendine açılıp kapanıyor. Ve daha bir sürü şey... İnsanın sabrını zorluyor.  Uzak durulması gerekir. ,0
Vestel Cihazlarında 5 yıl garanti vermezse bir daha Vestel Telefon almam. 2 yıl sonunda garantisi bittikten bir ay sonra anakart arızası verdi. Tamir için 475 lira para istiyorlar değmez.  Ev tam bir Vestel telefon çöplüğü oldu. Abime V3-5580 aldım onunda anakartı bozuldu çöp oldu. Kızıma v3-5040 Aldım Camı kırıldı 250-300 lira para istiyorlar oda cöp oldu. Anneme v3 5000 aldım anakart bozuldu oda oldu çöp. Hanımda ve oğlanda Venüs E3 var onlarda illallah ediyor. Kameraları beş para etmez.   Bir daha vestel almam aldırmam.....,0
 rehbere giremiyorum ve arama sorunu çok oluyor ve çift yönlü flaşbellek leri okumuyor bu yüzden tavsiye etmiyırum,0
Ürünü hem hesaplı hemde yerli malı diye aldım.Belki beklentilerin bu cogunu karşılaştır.Ancak telefonlarda kronik kendiliğinden  kapanma sorunu var.Tam lazım olacakken kapandığı çok oldu.Oyüzden. Tavsiye etmiyorum.,0
"Garantisi doldu bir hafta sonra anakart yandı. arayüzü berbat, kamerası berbat. Yerli malı dedik, yaya kaldık",0
Sakın almayın tel bir sene gectik ten sonra sarj tutmuyor en kucuk oyunda bile ısınıyor sarjı yuzde sıfıra dusuyor aldığıma bin pişmanım yazın ilk işim satmak vestelin z modeleri tam telefon olmus ama v3serisi cop ,0
1 yil olmadan sarj tutmamaya basladi garantiye gonderdim dis etken kaynakli diye 230 tl masraf cikarttilar. yaptirmadim,0
"kargo verilmesi gecikti
",0
Alalı 5 ay oldu aşırı ısındı ve kapandı servise gönderdim işlemci değişmiş. Şimdi ise telefon donuyor kendi kendine kapanıyor. Tekrar servise göndereceğim. Özellikleri güzel ama dayanıklı degil.,0
görünüm iyi. ekran büyüklüğü iyi. ama şarjı tam dolu iken sadece ama sadece bir saat oyun oynarsanız ya da film izlerseniz o bir saatte şarj bitiyor bilginiz olsun.,0
dunden beri bekliyorum hala kargolamadiniz,0
Bugun kargoya verilmesi gerekirken satıcı kargolama yapmamış.,0
"1 haftadır kullanıyorum telefon kendi kendine kapanıyor şirket telefonu olarak tercih ettik beni zor durumda bırakıyor işyerinde sürekli, tavsiye etmem!
Geri iade vereceğim.",0
Arkadaşlar öncelikle telefonu alalı 1 sene 2 ay oldu. Kesinlikle özelliklerine bakmayın hepsi kağıt üzerinde iyi. Bir kere işlemcisi berbat mediatek mt 6753 ram in 3 gb olması performansına bir etki etmiyor. Bataryası 3000mAh ama işlemci den dolayı hiç iyi gitmiyor tek beğendiğim yanı ekranı oldu ekranın renkleri falan gerçekçi. Ama kesinlikle almayın derim,0
KESİNLİKLE ALMAYIN. Telefonu ilk zamanlar durup dururken aşırı ısınıyordu. Öyle ısınıyordu ki cebimdeyken bile rahatsız ediyordu ve telefonla kısa mesaj gönderip almak sıkıntılıydı. İki sefer servise gönderdim. Ancak düzeltebildiler. Onların da yaptığı tek şey yazılım güncellemesi. Bir kaç ay sonrasında yine aynı şekilde kısa mesaj gönderip alamıyorum. Hala bu sıkıntıyı yaşıyorum. Başka telefona takıyorum sim kartımı herhangi bir sorun yok. Yerli diye destek olalım dedim ama bin pişmanım. Kendi kendine kapanıyor arada. Ayrı bir cumhuriyet kurmuş kafasına göre iş yapıyor.,0
Paranızı çöpe atmak istemiyorsanız uzak durun derim. Ben aldım telefonla konuşurken kapanıyor. İnterneti şarzı ısınmayı geçtim alı diyemiyorum. Artı servise gönderdim yapmadan geri gönderildi. Ederi 100 lira oda çocuklar oynasın diye,0
"Alalı bir sene oldu canıma okudu resmen telefon. Dışarda güneşli havada güneşi görünce kapanıyor telefon, çoğu oyun kasıyor, instagramda falan gezerken aşırı ısınıp kapanıyor, günde beş kere şarj ediyorum bir iki saatte bitiyor şarjı. Telefonun kendi galerisi ve müzik çaları bile yok play store den indirmek zorundayız, Zil sesi yaptığım şarkılar müzik çalardan siliniyor daha neler neler. Türk malı dedik saygı duyalım dedik ama böyle rezillik olmaz ki leş gibi telefon şuan satamıyorum bile",0
bayrama yetişsin dedik ama.dün sözde kargolayacaklardı.şimdi bile sipariş ver 3 saate kargoda demesine rağmen 2 gündür hala paketleme sürecindeymiş,0
"Telefon almadan önce yorumları okudum, iyi diyenden de etkilenmedim kötü diyenden de. Fakat şunu 4 ay sonra anladım ki kötü diyenler haklıymış. Bu telefon iyidir diyenler kendisi ya da yakınları falan Vestel'de falan mı çalışıyor? Eğer kola içecekseniz Coca Cola ya da Pepsi içeceksiniz. Gidip BİM'den, Le Cola almayacaksınız. Yani telefon üretiminde kim uzmanlaşmışsa gidip ondan telefon alacaksınız. Şimdi iade prosedürleri ile uğraşıyorum.",0
Kargo geç geldi. Fatura gelmedi. ,0
"cihaz çok ısınıyor geri iade ettim beklediğim gibi çıadı maalesef 
Anlayışı için Hepsiburada ya teşekkür ederim...",0
"Hayatımda gördüğüm en vasat telefon. Şirketimiz yerli yatırım yapalım dediler ve bu telefondan tam 10 tane aldık. Aldığımız güne lanet olsun. Bu telefonların kronik sorunu kendiliğinden açılıp kapanma problemi.Servise veriyoruz yazılım güncellemesi yaptık diyorlar ve hala aynı problem. Isınma problemi, kamerası kalitesi her konuda çok sıkıntılı bir ürün. Size tavsiyem vestel ürünlerinden uzak durun.",0
Yorumlara güvenerek aldım. Herşey çok iyide kullanımı okadar alakasızki 4 ay oldu halen ha diyince istedigim şeyi bulup yapamıyorum. Diğer markalardan sırf farklı olsun diye enteresan hareketler yapmışlar. Galeri yok. Ekran görüntüsü alıyorsun nerede araki bulasın. Özellikleri yüksek en phalı telefonla kullanımda  bi fark hissetmessin ama işte..,0
Telefon görünüş arak şık değil. Bu fiyata şık telefon olacak hali yok diyebilirsiniz. Harita dahi açsan aşırı ısınıyor. Yarım metreden yatağa bıraksan kapanıyor ve sürekli donuyor. Hiç oyun yüklemediğim ve yoğun kullanmadığım halde böyle yapıyor. İl dışına çıktığım da ve biraz yoğun kullanımda sürekli donuyor ya da kapanıyor. Bataryasını sökmeden açılmıyor. Ne geri alıyorlar ne de tamire yollasan geçici telefon veriyorlar. Resmen paramla eziyet çekiyorum işin özeti.,0
"Telefonun işlemci,ram ve ekran belirtilen özelliklere göre çok daha düşük performansa sahip.Donma ,kasma vs. can sıkıcı derecede mevcut.Batarya 30000 mAh olmasına rağmen çok az gidiyor.Bunun dışında daha bir çok hata veriyor.Kulaklık çıkışı sesi ,yüksek seste bozuk veriyor.Telefon bildirimleri almıyor veya geç alıyor mesajları almıyor.Daha önce kulladığım orta ve düşük sekment akıllı telefonlar içindeki en vasat çihazdır.Vestel akıllı telefon üretmek yerine tost makinası üretmeye devam etsin.Paranızı çöpe atmayın.Benzer fiyat aralığında başka çihazlar alın.Ayrıyeten hızlı ve güvenli  teslimat için hepsiburadaya teşekkürler.",0
"Bu telefonu 27.12.2016 tarihinde aldım. Üzerinden bir yıldan fazla geçti. Görüşlerim şöyle:
1- Ekran dokunma hassasiyeti çok kötü. Yazarken yanlış yapmanıza yol açıyor.
2- Bu telefonu yerli olduğu için almıştım. Ama artık bunun hem firma açısından hem de biz tüketiciler açısından çok amatör bir davranış olduğunu düşünüyorum. Bence firma insanları duygusal yönden manipüle etmek yerine kalitesi ile ön plana çıkıp daha evrensel bir pazarlama yöntemi seçmeliydi. Biz de tüketiciler olarak daha rasyonel davranmalıyız. Ben de artık böyle davranacağım. Firmanın bundan sonraki tutumu kendini bağlar.
3- Telefonun kalitesine gelince, iş görüyor ama emsallerine göre zayıf kalıyor. Şöyle ki iş gezilerinde çalıştığım firmanın verdiği başka markanın emsal telefonu ile beraber kullandığımda bunu anladım.
3- Sonuç olarak gerek firmanın piyasaya yönelik mantık dışı ve kalite temelli olmayan yaklaşımı gerekse cihazın kalitesizliği sebebiyle bir sonraki telefonum başka olacak. Biz de isteriz cari açığımız kapansın ama işçiye karşı davranışlarda hiç de duygusal olmayanların satışa gelince duygusallaşmasını samimi bulmuyorum.
",0
Akıl almaz derecede yavaş. Sık sık donuyor. O derece ki mesela facebooktayken arama gelse mümkün değil yetişemiyor. Bu yüzden resmen dostlarla aramız bozulacak. Olumlu yorumları okurken acaba aynı cihazdan mı bahsediyoruz diye düşünüyorum. Ancak kamerası çok güzel. Harika kaliteli resimler çekiyor ama instagrama yüklemek mübalağasız 10 dakikayı buluyor. Başka telefon alacağım sonunda.,0
5 ay önce anneme almıştım ilk zamanlar sıkıntı yoktu fakat telefonda çok uygulama olmamasına rağmen kasıyor kesinlikle Vestel’in bu telefonunu onermıyorum bu kadar yüksek bir RAM i olmasına rağmen inanılmaz kasıyor ve pili de çok uzun ömürlü değil ,0
çin malı çakma telefonlar kadar kötü fotoğraf çekiyor.16 mpiksel yazmışlar yalannnnn.8 mpiksel lg telefonum var daha net çekiyor.türk malı alayım diyerek aldım.pişmanım.fotoğraf için alıyorsanız almayın,0
çok kötü bir ürün asla tavsiye etmiyoruz,0
1 yıl dayanmadı ıdare eder demıcem cunku etmedı heryerınde bı arza cıktı servısı cok ıyı onun harıncınde alt sevıye bır telefon genç işi deıl telefonu az kullananlar ıcın ıdael olabilir.,0
Eline fazla telefon almayan biri olarak şarjı bir gün bile gitmiyor telefon çabuk ısınıyo hiç beğenmedim,0
5 para etmez,0
"Telefon konusunda en büyük hatam Vestel güvenip bu markadan almak oldu hem de 2 tane. Telefonun görüntü ve ses kalitesi kötü ötesi, sürekli ısınma problemi taşatan ve aşırı ısınma uyarısı veren bir telefon. İnsan bataryası patlayacak diye korkuyor. Ayrıca tüm hatayı her seferinde kullanıcıya çıkaran başka bir marka görmedim. Telefonu garantiye göndermek ayrı bir skandal. Telefonu garantiye her göndermek istediğimde ayrı bir zorluk çıkardılar. Kendinize ve paranıza yazık etmeyin.",0
Arkadaşlar ben de alırken özelliklerine bakıp aldım ama pişman oldum telefonda aşırı ısınma var durduk yere sizi uygulamalardan atabiliyor kulaklığı çok çabuk sürede bozuldu şarj cihazı bozuldu ve alalı 1 sene dahi olmadı oyun oynamak isterseniz aynı özellikteki telefonlara göre aşırı kasma oluyo telefonu kullanırken kendiliğinden yeniden başlatıyor ve sanırım sadece bu modelin sıkıntısı rehberden atıyo araştırabilirsiniz bunu nette aynı sorunla karşılaşan kişiler bulabilirsiniz play store dan rehber uygulaması indirdim onu kullanıyorum kamerası kesinlikle 16 mp değil hiçbir özelliği yok normal bir şekilde kullanılıyo hafıza sıkıntısı var sd kart dahili hafızaya eklenmiyor diyeceğim şu ki pişman olmasam bu kadar yazı yazmaya uğraşmazdım almanızı tavsiye etmem,0
"bi yorum yapanın dediği gibi kağıt üzerinde özellikleri iyi. o kadarda oyun performansı yok. ek olarak alalı 1,5 sene falan oldu. düşürmedim değil kabul telefonu 4-5 kez düşürdüm. mikrofon gitti ek olarak düzenli periyodla açılıp kapanıyor telefon. teknik servise götürdüm. bakalım ne olacak",0
"Telefonu yerli üretim  olması ve burada yapılan yorumlara dayanarak aldım. Bir yıl sorunsuz çalıştı ama bir gün telefon dondu ve bir daha açılmadı. Vestel yetkili servisi aracılığıyla ""güven üssü"" denilen bir yere gönderildi. Telefonun anakartı dahil olmak üzere dört parçası değiştirilip gönderildi. Tabi bu arada telefondaki rehber ve diğer bilgiler de uçtu gitti. Servisten geldikten bir ay sonra telefon yine dondu. Bir gün sonra tam servise gönderme hazırlığı yaparken kendiliğinden tekrar açıldı. Ama artık bu telefon yüzünden vestel markası gözümde tamamen sıfır oldu. Artık bu telefonu güvenip kullanamam. Risk seviyorsanız alabilirsiniz. Ben hiç tavsiye etmiyorum.",0
"Kesinlikle önermiyorum.Aldığınız ürünün arızalı çıkma şansı %50, şaka yapmıyorum.Yeni aldığım üründe telefon kendini kapatıyor sık sık.Yetmedi güncelleme falan geldi yaptık, sorun çıktı birçok.Yazık yani bu kadar ümitle aldık...",0
Beş para etmez kalitesiz sadece pil gücü yüksek oda alım için etken değil ,0
Bozulana kadar sıkıntı yok. Ama bozulursa servis 0. 6 kez yolladım problemi çözemediler ,0
Devamlı arıza çıkartıyor. Rehber e girmiyor. Arama yapmıyor. Hafıza kartını görmüyor. Kendi kendine açılıp kapanıyor. Ve daha bir sürü şey... İnsanın sabrını zorluyor.  Uzak durulması gerekir. ,0
Vestel Cihazlarında 5 yıl garanti vermezse bir daha Vestel Telefon almam. 2 yıl sonunda garantisi bittikten bir ay sonra anakart arızası verdi. Tamir için 475 lira para istiyorlar değmez.  Ev tam bir Vestel telefon çöplüğü oldu. Abime V3-5580 aldım onunda anakartı bozuldu çöp oldu. Kızıma v3-5040 Aldım Camı kırıldı 250-300 lira para istiyorlar oda cöp oldu. Anneme v3 5000 aldım anakart bozuldu oda oldu çöp. Hanımda ve oğlanda Venüs E3 var onlarda illallah ediyor. Kameraları beş para etmez.   Bir daha vestel almam aldırmam.....,0
 rehbere giremiyorum ve arama sorunu çok oluyor ve çift yönlü flaşbellek leri okumuyor bu yüzden tavsiye etmiyırum,0
Ürünü hem hesaplı hemde yerli malı diye aldım.Belki beklentilerin bu cogunu karşılaştır.Ancak telefonlarda kronik kendiliğinden  kapanma sorunu var.Tam lazım olacakken kapandığı çok oldu.Oyüzden. Tavsiye etmiyorum.,0
"Garantisi doldu bir hafta sonra anakart yandı. arayüzü berbat, kamerası berbat. Yerli malı dedik, yaya kaldık",0
Sakın almayın tel bir sene gectik ten sonra sarj tutmuyor en kucuk oyunda bile ısınıyor sarjı yuzde sıfıra dusuyor aldığıma bin pişmanım yazın ilk işim satmak vestelin z modeleri tam telefon olmus ama v3serisi cop ,0
1 yil olmadan sarj tutmamaya basladi garantiye gonderdim dis etken kaynakli diye 230 tl masraf cikarttilar. yaptirmadim,0
"kargo verilmesi gecikti
",0
Alalı 5 ay oldu aşırı ısındı ve kapandı servise gönderdim işlemci değişmiş. Şimdi ise telefon donuyor kendi kendine kapanıyor. Tekrar servise göndereceğim. Özellikleri güzel ama dayanıklı degil.,0
görünüm iyi. ekran büyüklüğü iyi. ama şarjı tam dolu iken sadece ama sadece bir saat oyun oynarsanız ya da film izlerseniz o bir saatte şarj bitiyor bilginiz olsun.,0
dunden beri bekliyorum hala kargolamadiniz,0
Bugun kargoya verilmesi gerekirken satıcı kargolama yapmamış.,0
"1 haftadır kullanıyorum telefon kendi kendine kapanıyor şirket telefonu olarak tercih ettik beni zor durumda bırakıyor işyerinde sürekli, tavsiye etmem!
Geri iade vereceğim.",0
Arkadaşlar öncelikle telefonu alalı 1 sene 2 ay oldu. Kesinlikle özelliklerine bakmayın hepsi kağıt üzerinde iyi. Bir kere işlemcisi berbat mediatek mt 6753 ram in 3 gb olması performansına bir etki etmiyor. Bataryası 3000mAh ama işlemci den dolayı hiç iyi gitmiyor tek beğendiğim yanı ekranı oldu ekranın renkleri falan gerçekçi. Ama kesinlikle almayın derim,0
KESİNLİKLE ALMAYIN. Telefonu ilk zamanlar durup dururken aşırı ısınıyordu. Öyle ısınıyordu ki cebimdeyken bile rahatsız ediyordu ve telefonla kısa mesaj gönderip almak sıkıntılıydı. İki sefer servise gönderdim. Ancak düzeltebildiler. Onların da yaptığı tek şey yazılım güncellemesi. Bir kaç ay sonrasında yine aynı şekilde kısa mesaj gönderip alamıyorum. Hala bu sıkıntıyı yaşıyorum. Başka telefona takıyorum sim kartımı herhangi bir sorun yok. Yerli diye destek olalım dedim ama bin pişmanım. Kendi kendine kapanıyor arada. Ayrı bir cumhuriyet kurmuş kafasına göre iş yapıyor.,0
Paranızı çöpe atmak istemiyorsanız uzak durun derim. Ben aldım telefonla konuşurken kapanıyor. İnterneti şarzı ısınmayı geçtim alı diyemiyorum. Artı servise gönderdim yapmadan geri gönderildi. Ederi 100 lira oda çocuklar oynasın diye,0
"Alalı bir sene oldu canıma okudu resmen telefon. Dışarda güneşli havada güneşi görünce kapanıyor telefon, çoğu oyun kasıyor, instagramda falan gezerken aşırı ısınıp kapanıyor, günde beş kere şarj ediyorum bir iki saatte bitiyor şarjı. Telefonun kendi galerisi ve müzik çaları bile yok play store den indirmek zorundayız, Zil sesi yaptığım şarkılar müzik çalardan siliniyor daha neler neler. Türk malı dedik saygı duyalım dedik ama böyle rezillik olmaz ki leş gibi telefon şuan satamıyorum bile",0
bayrama yetişsin dedik ama.dün sözde kargolayacaklardı.şimdi bile sipariş ver 3 saate kargoda demesine rağmen 2 gündür hala paketleme sürecindeymiş,0
"Telefon almadan önce yorumları okudum, iyi diyenden de etkilenmedim kötü diyenden de. Fakat şunu 4 ay sonra anladım ki kötü diyenler haklıymış. Bu telefon iyidir diyenler kendisi ya da yakınları falan Vestel'de falan mı çalışıyor? Eğer kola içecekseniz Coca Cola ya da Pepsi içeceksiniz. Gidip BİM'den, Le Cola almayacaksınız. Yani telefon üretiminde kim uzmanlaşmışsa gidip ondan telefon alacaksınız. Şimdi iade prosedürleri ile uğraşıyorum.",0
Kargo geç geldi. Fatura gelmedi. ,0
"cihaz çok ısınıyor geri iade ettim beklediğim gibi çıadı maalesef 
Anlayışı için Hepsiburada ya teşekkür ederim...",0
"Hayatımda gördüğüm en vasat telefon. Şirketimiz yerli yatırım yapalım dediler ve bu telefondan tam 10 tane aldık. Aldığımız güne lanet olsun. Bu telefonların kronik sorunu kendiliğinden açılıp kapanma problemi.Servise veriyoruz yazılım güncellemesi yaptık diyorlar ve hala aynı problem. Isınma problemi, kamerası kalitesi her konuda çok sıkıntılı bir ürün. Size tavsiyem vestel ürünlerinden uzak durun.",0
Yorumlara güvenerek aldım. Herşey çok iyide kullanımı okadar alakasızki 4 ay oldu halen ha diyince istedigim şeyi bulup yapamıyorum. Diğer markalardan sırf farklı olsun diye enteresan hareketler yapmışlar. Galeri yok. Ekran görüntüsü alıyorsun nerede araki bulasın. Özellikleri yüksek en phalı telefonla kullanımda  bi fark hissetmessin ama işte..,0
Telefon görünüş arak şık değil. Bu fiyata şık telefon olacak hali yok diyebilirsiniz. Harita dahi açsan aşırı ısınıyor. Yarım metreden yatağa bıraksan kapanıyor ve sürekli donuyor. Hiç oyun yüklemediğim ve yoğun kullanmadığım halde böyle yapıyor. İl dışına çıktığım da ve biraz yoğun kullanımda sürekli donuyor ya da kapanıyor. Bataryasını sökmeden açılmıyor. Ne geri alıyorlar ne de tamire yollasan geçici telefon veriyorlar. Resmen paramla eziyet çekiyorum işin özeti.,0
"Telefonun işlemci,ram ve ekran belirtilen özelliklere göre çok daha düşük performansa sahip.Donma ,kasma vs. can sıkıcı derecede mevcut.Batarya 30000 mAh olmasına rağmen çok az gidiyor.Bunun dışında daha bir çok hata veriyor.Kulaklık çıkışı sesi ,yüksek seste bozuk veriyor.Telefon bildirimleri almıyor veya geç alıyor mesajları almıyor.Daha önce kulladığım orta ve düşük sekment akıllı telefonlar içindeki en vasat çihazdır.Vestel akıllı telefon üretmek yerine tost makinası üretmeye devam etsin.Paranızı çöpe atmayın.Benzer fiyat aralığında başka çihazlar alın.Ayrıyeten hızlı ve güvenli  teslimat için hepsiburadaya teşekkürler.",0
"Bu telefonu 27.12.2016 tarihinde aldım. Üzerinden bir yıldan fazla geçti. Görüşlerim şöyle:
1- Ekran dokunma hassasiyeti çok kötü. Yazarken yanlış yapmanıza yol açıyor.
2- Bu telefonu yerli olduğu için almıştım. Ama artık bunun hem firma açısından hem de biz tüketiciler açısından çok amatör bir davranış olduğunu düşünüyorum. Bence firma insanları duygusal yönden manipüle etmek yerine kalitesi ile ön plana çıkıp daha evrensel bir pazarlama yöntemi seçmeliydi. Biz de tüketiciler olarak daha rasyonel davranmalıyız. Ben de artık böyle davranacağım. Firmanın bundan sonraki tutumu kendini bağlar.
3- Telefonun kalitesine gelince, iş görüyor ama emsallerine göre zayıf kalıyor. Şöyle ki iş gezilerinde çalıştığım firmanın verdiği başka markanın emsal telefonu ile beraber kullandığımda bunu anladım.
3- Sonuç olarak gerek firmanın piyasaya yönelik mantık dışı ve kalite temelli olmayan yaklaşımı gerekse cihazın kalitesizliği sebebiyle bir sonraki telefonum başka olacak. Biz de isteriz cari açığımız kapansın ama işçiye karşı davranışlarda hiç de duygusal olmayanların satışa gelince duygusallaşmasını samimi bulmuyorum.
",0
3ayda tus takımı bozuldu ve şarj bitip kapanırsa bidaha kaç saate açılır belli olmuyor en erken 8saat sonra açılıyor,0
Servisine güvenmeyin camını bile değiştirmiyor servissiz telefon resmen,0
Telefon tam bir vasat. Eşim ve kendime aldım almaz olaydım. Eşimi dinlemedim. Yerlidir dedim.Paramız bizde kalır dedim.Ama öyle olmadı.Bizde kalmıyacak. Telefon Kapandı açılmıyor.Hiç açılmıyor.bundan öncede kamera gitmişti zaten.Şemeke çekmiyordu.Çok üzüldüm hani biz yaparsak daha iyisi olurdu.vestel hep kullanıcı hatası diyor.Bundan önce lenovo 90a vardı 4 yıl kullandım beni hiç üzmemişti. baktım bozulmuyor duvara fılatıp klırdım :) ardından bu vesteli aldım z10 beni çok üzdü çok :( Yine bir masraf çıktı.,0
Paranız boşa gitmesin. Ömrü bir yıl ve bu sürede de sorunlu. Pil hızla bitiyor. Navigasyon çalışmıyor. Servise göre de hepsi kullanıcı hatası,0
"NOT: Bu yorum mağaza veya satıcı için değil telefon markası içindir. 1,5 yıldır kullanıyorum, ilk zamanlar sadece pencere önlerinde çekiyordu, ben operatörden kaynaklanıyor diye umursamamıştım, 1 yıl sonra alt tuşlardan ikisi çalışmayınca servise gönderdim, servisten geldikten sonra sonra artık pencere önlerinde de çekmemeye başladı, eşimin telefonu Samsung ve operatörlerimiz aynı, onunki 4 çubuktan 3 çekerken benimki ""Hizmet Yok"" diyordu, üstelik navigasyonda sürekli ""GPS Aranıyor"" uyarısı alıyordum, benim sim kartımı eşimin telefonuna takınca herşey normal, tekrar servise gönderdim, anakartı değişti ama geldiğinde değişen hiç birşey yoktu. HALA GURURLA ÇEKMİYOR, baz istasyonuna 1 km çapında yakınsanız çekiyor ama bununda dışındaki alanlarda vasat, üstelik kablosuz modemin hemen yanındaysanız kablosuz internette sorun yok ama yan odadaysanız vasat.",0
Telefonu çok beğenerek almama rağmen beni hayal kırıklığına uğrattı. İlk bir kaç ay verdiğiniz parayı çıkartıyor sonra da arızaları başlıyor. İlk çıktığında almıştım. Şuan alt tuşları kullanmak için Google Play'den program indirdim çünkü çalışmıyor. Gün içinde en az bir kere donuyor. Herhangi bir işlem yapmama rağmen telefonun şarjı en fazla 15 saat gidiyor. Bence paranıza yazık etmeyin.,0
"ilk 6 ay sorun yoktu, daha sonra şarj sorunu ve geri tuşu çalışmama sorunu başladı. Diğer Vestel modelleri gibi mikrofon hassasiyeti kötü. Bu fiyata çok daha kaliteli telefonlar var. Sırf yerli diye aldım ama kalite yerlerde.",0
Z10 hayatimda gördüğüm en iğrenç telefon 1 yıl oldu alalı alt tuşlar çalışmadı servise gönder dik kullanici hatasi dediler anlamıyorum bi z cihaz darbe sıvı temas olmadan nasıl kullanici hatası var ben anlamadım anlayan varsa anlatsın ha bu arada 1.109 tl de masraf çıkarttılar  dememem şuki vestel uzak kalın ,0
alalı 1 yıl oldu.kamerası bozuldu.bulanık gösteriyor.tavsiye etmiyorum.bende yorumlara aldanıp almıştım. siz aldanmayın.,0
GPS sorunu öyle programlarla düzelir cinsten değil.Sürekli uydu bağlantısı kopuyor. Düşük Sar deselerde inanmıyorum. Aşırı isınıyor beynimizi akıtacak. Kütük gibi takoz gibi yerli odun resmen...,0
"telefon çok sıkıntılı , yere düştü ekranı kırıldı onunla beraber tel. mikrofon ve alt tuş takımı bozuldu üretici telefon parasına yakın ücret çıkardı , normal telefon satan yerlerde yedek parça yok olan uyumsuz olduğunu söylüyor.bunları bilin ona göre tercih edin.",0
Ben bu telefonu almadan yorumları okudum önüme güzel yorumlar geldi aldım telefonu ve şuan okadar pişmanım ki keşke kötü yorumlara da denk gelseydim vestel falan almayın kardeşim alacaksanız adam gıbı sorun soruşturun telefoncuları vs. Ona göre alın ama sakın vestel almayın. Işığı şarjı güzel olabılır ama instagramda çok hata veriyor arama tuşuna basıyorsun 10 saniye sonra arıyor velhasıl ALMAYIN KARDEŞ.... ,0
En iyi rota bulunuyor yazısı çıkıyor ve 4 saatte rota daha tanımlanacak !!! Ben telefona bakıyorum telefonda bana bakıyor .aman Allahım şehir dışında kayboldum,0
Yerli malı dediler aldım EYVALLAH. bi önceki yorumumu da yeni aldığımda görüntüsüne bakarak GAYET OLUMLU yönde yapmıştım. fakat 2ay kadar sürmedi ARKADAŞLAR KISACA KIRDIM PARAMPARÇA ETTİM. Arabada bluetooth uyumu yoktu. Ekran dokunmatiği berbat oldu. Aradığım kişilerde çoğunda bağlantı kopuyordu ve bu yüzden Aradıklarım çağrı bıraktığımı sanıp geri dönüş yapıyorlardı. telefonla alakalı (sadece sarj iyi gidiyordu) servise hiç gitmedim çünkü adamlar hiç olmamış bu telefonun neyini yapacaktı Neyse neticede sorun yumağı bu telefona dayanamadım. Gururla paramparça ettim kurtuldum. Şimdi 2013de aldığım S4miniden yazıyorum. Vestele hakkımı kesinlikle helal etmiyorum. Yazık insanların duygularını suistimal etmeyi bırak. mercedese şahin motoru takmakla olmuyor bu işler.,0
Yerli malı dedik iyi dedik hoş dedik. Lakin GPS berbat. Şehir dışına falan guvenip gitmeyin. ayrıca zaman zaman açılıp kapanıyor nedense. Bir de cehennem gibi ısınıyor şarj olurken. S3 kullandım yıllarca. Hiç böyle ısındığını bilmem. Haricinde hızı iyi. Fakat sadece hız önemli değil. J7 prime alın alırsanız. Bundan çok daha iyidir.,0
"Evet. Başlıkta yazdığım gibi. Telefonu alalı neredeyse 1 sene olacak. Yerli malı dedik bir hevesle aldık. Telefonun artı ve eksilerini siz değerli milletimiz için yazıyorum.

Artıları
*Qualcomm 3 şarj desteği var ve hızlı şarjı gerçekten iyi.
*Iphone tadında kasası var ve hoş.
*Yanında verilen kulaklık güzel. Hoşuma gitti.
*Parmak izi sensörü gerçekten hızlı çalışıyor.
*Ekran gamı ve parlaklığı denildiği gibi canlı ve güzel. Pikseller sık.
*64GB hafıza ve hafıza kartı desteği ile hafıza hendikabını egale etmişler.

Eksileri
*Android oreo halen verilmedi. Bir sürü telefona geldi ama Vestel uyuyor. Üstüne Z20 çıktı ama yine yok ortada güncelleme.
*Yazılımsal kaynaklı müzik çalar ve ses sistemi iyi değil. Ne kulaklık takarsanız takın ses çıkışı berbat. Donanımsal değil yazılımsal ile çözülebilecek birşey. Bu sebepten dolayı bluetooth kulaklık ile tam ses performansı alınıyor.
*Gps kitinde sıkıntı var. Sürekli kopmalar yaşanıyor. Kronik bir sorun. Yazılımsal da olabilir donanımsal da.
*ÖZELLİKLE BUNU BÜYÜK HARFLERLE YAZIYORUM. DOKUNMATİK TUŞ SİSTEMİNDE VE PARMAK İZİ SENSÖR KİTİNDE KRONİK ARIZA VAR BU MODELDE. 2. SEFER SERVİSE GİTTİ AYNI SORUN ÜZERE. ÜÇÜNCÜSÜNÜ BEKLEMEKTEYİM.
*Telefonu ilk aldığınızda güncelleme yapmazsanız ve sıfırlamadan kullanmaya başlarsanız telefon arama yaparken 20-30 sn ye donuyor. Güncelleme ve sıfırlama ile tamamen sorun çözülüyor.
*Kesinlikle bir performans canavarı değil. Oynatması gereken oyunları bile oynatmada zorluk yaşadığını gördüm. Ayrıca cihaz fena ısınıyor.

Kısacası cihazı tamir ettirip kardeşime verdim. Bende yeter artık diyip sağlam fiyata Huawei P20 Pro aldım ve paşalar gibi kullanıyorum. Neden mi? Vestel sağolsun...

Biz bu parayı kısa yoldan kazanma zihniyetini terk etmediğimiz müddetçe bir miskal yol bile kat edemeyiz. Kalite ve standart anlayışı tam olgunlaşmamış maalesef... Yerli malından asla vazgeçmedim ama sizden vazgeçtim Vestel. Teşekkürler...
",0
"İlk başta her şey mükemmeldi. Sonradan fark ettim ki Ürün GPS navigasyonu sürekli bağlantı koparıyor. Arkadaşıma da aldırdım onda da aynı, mahcup oldum.",0
"Öncelikle bu yorumu yayınlamanızı istiyorum. Zira daha önce de başka ürünlerde tenkitim oldu ve yayınlamadınız. Budurum sitenizin taraflı olduğu izlenimini bana vermeye başladı.Bu ise hoş bir durum değil. 
Vestel Z10 için yorumum;
""Mart 2018'de telefonu hepsiburada sitesinden aldım. Genel olarak memnundum. Ancak 1 ay sonra koruyucu kılıfı da varken 50 cm den düştü. Arka kamera odaklayamamaya başladı yani bozuldu. Servise gönderdim çok hızlı bir şekilde garantiden tamir ettiler. Bu noktada servisin hızı beni, memnun etti. Sonra 18 Haziran 2018 de suyla kısa bir süre temas etti. Telefonu hemen kapatıp kuruladım. Arka kapak normal yolla açılamadığı ve özel tornavida takımı gerektiğinden pili çıkarma şansım olmadı. Dolayısıyla pil çıkarılmadığı için ne olur ne olmaz diye kurulayıp 1 hafta bekledim. 1 hafta sonra telefonu şarja koydum. Sonuç malesef telefondan ses yok, ve açılmıyor. Hemen servise verdim. Servis bana sıvı teması sizin hatanız diye 560 TL masraf çıkarttı. Muhtemelen ana kart arızası. Garantisi olan bir telefon için Vestel keşke yerliyi teşvik için anakarta maliyetine bir fiyat isteseydi. Veya bu fiyatı istiyorsa fiyatı öde size sıfırı gönderelim deseydi. Malesef istediği fiyat telefonun yarı fiyatından biraz fazla ve sonrasında da başka sıkıntılar vermiyeceği mechul. Bu yüzden yaptırmamaya karar verdim. Yorumlarda bu tarz benzer yorum ve şikayetler görmüştüm, yerliyi desteklemek adına yorumları dikkate almamıştım. Bu yorumu da bu telefonu alacaklara faydalı olması için yazıyorum.""",0
"Şubat 18'de çevreme de yerli tavsiye ederek Venüs z10 aldım. Aldıktan 3 ay sonra kendi kendine açılıp kapanmaya başladı. Arıza videosunu da çekerek telefonu Gaziantep güvennüssü'ne gönderdim. Telefonda yan tuş arızası olduğunu, tuş değişimi ve yazılım güncellemesi yapıldığını belirterek gönderdiler. Buna rağmen geldikten sonra da açma kapama tuşu yerinden oynuyordu. Telefon geldikten 10 gün sonra yine açılıp kapanmaya başladı. Ayrıca ekranda ""no. Command "" yazısı çıkıyordu. Yine videosunu çekerek servise gönderdim. Sonrasında belirtilen arıza tespit edilemedi diyerek telefonu geri yolladılar. Aynı sorun ikinci kez yaşandığı için hatalarını kabul etmediler. Videosunu dahi çekmiş olmama rağmen arıza tespit edilemedi denildi. Kendime inandırmak için başka ne yapmalıyım acaba? Beni yerli malından soğutan güvennüss'e çok teşekkür ediyorum. telefon 4  ayda iki kez garantiye gitti ve hala sorunum çözülemedi. Sadece yerli malı olduğu için aldım. bir defa alarak üzerime düşeni yaptığımı düşünüyorum ama bundan sonra asla Vestel telefon almayı düşünmüyorum.",0
Ben hayatımda böyle adi böyle kalitesiz telefon görmedim. Sakın almayin gidin j7 alın daha iyi huwaaei alın daha iyi ama bunu almayin,0
Berbat,0
"Berbat bir telefon internette gezinmek bir eziyet, programlar kasıyor. bir şarj konusunda iyi gerisi çöp. aynı fiyata Mate 20 alıp denemediğime pişmanım.",0
yavas sarj oluyor samsungtan uzak durmanizi tavsiye ederim,0
Telefon Çöp Sarj  1 gün gitmiyor  aşırı ısınıyor aldığıma pismam oldum,0
güya hızlı kargo deniliyo ama bana tam 6 günde geldi bunun neresi hızlı? ayrıca pil ömrü çok düşük pil 1 günü zor çıkartıyor hatta bazen çok oyun oynarsanız çıkartmıyor bile. parmak izi okuyucusu kafasına göre bazen okuyor bazen okumuyor. almayın benim gibi pişman olursunuz.,0
"telefonun görünümü estetik. performans olarak fena değil. herkesin de belirttiği gibi parmak izi okuyucu sıkıntılı, hem geç algılıyor hem de bir kaç denemede açmanız gerekebiliyor. kamerayı önemseyenler için ise beklentinizi hiç bir şekilde karşılamaz. iphone'un en basit telefonunun kamerası bile kanaatimce a50'nin kamerasından iyidir.",0
kamerası kötü görünüşü iyi diye aldık yanıldım,0
hepsi buradadan telefon alırken  iki kere düşünün,0
Ürünün kargolanmasi ve paketlemesi gayet güzel di ancak bizi memnun etmeyen olay ise ürünün faturasında ve satışında samsung türkiye garantili yazmasına rağmen gelen ürünün kutusunda genpa nın bandrollü bulunmakta idi. Inşallah telefon ile ilgili garantilik bir durumumuz olmaz o zaman elimden ne gelirse yaparım. Bu sorun haricinde gayet güzel,0
berbat,0
berbat bi telefon sakin almayin ben aldim hicbir ozelligi yok ve kamerasi berbat,0
"Sevgili arkadaşlar, 3 senelik bir Samsung a8 kullanıcısıyım, bu telefonu kesinlikle tavsiye etmiyorum. Dijital pazarlama uzmanı olarak görev yapıyorum ve aynı ayna pek çok uygulama açık kalmak durumunda telefonda. Isınma problemi, donma, uygulamaları kapatma gibi pek çok fakei var telefonun. Bunların dışında garantim var, Samsung servisleri mevcut falan diye sakın güvenmeyin. Servise giden telefon elinize ulaşmıyor. Ulaşsa önceki halini mumla arıyorsunuz ve kitledikleri fiyatlar bir telefon parası. En son canıma tak etti Xiaomi aldım, vallahi omzumda yük taşıyormuşum. Hem yarı fiyatına hem 2 katı performans. Aklı olan Samsung almasın.",0
arkadaşlar ürünü eşime aldım. bataryası gayet iyi nerdeyse iki gün gidiyor. fakat kamera ya gelince açık havada gün ışığında sorun yok idare eder gibi duruyor . Fakat iç mekan fotoğrafları gündüz yeterli ışık olmasına rağmen çok kötü bekleneni vermiyor. iç mekanda aynı anda çekilen aynı  fotoğrafların biri birini tutmuyor. biri idare eder kalitedeyken diğeri daha kötü olabiliyor. makinenin netlemesi çok yavaş ve biraz önce söylediğim gibi dengesiz ve renkler cansız ve soluk.Benim 3 yıl önce  aldığım ve halen kullandığım samsug galaxy s7 nin 12 piksel lik kamerası kat kat daha iyi kalite fotoğraf çekiyor. daha çabuk netliyor. s7 ve a50 ile çektiğim fotoları bilgisayar ortamına atıp karşılaştırdım a50 beklenenin çok altında .a50 nin bütün kamera ayarlarını denedim güncellemeri yükledim nafile . kamera açısından hüsrana uğradım. batarya işlemci 6 gb ram olarak iyi görüyor ama fotoğraf sizin için biraz önemliyse kesinlikle uzak durun. aldığıma pişman oldum. saygılar,0
urun hızlı bir şekilde elime ulaştı şuan için kullandigim üründen pek memnun kalmadım. kargo kutusunun içindeki telefon kutusunun neden açılmış olduğuna bir anlam veremedim. urun genel olarak iyi telefon kutusunun açık olması kafa karıştırıcı. ayrıca telefonun 4000 mah gücünde pili olduğu yazıyordu özelliklerde ama 1 gün bile gitmiyor bataryası. Telefon kutusunun da açık olduğundan dolayı kendimi kaziklanmis gibi hissediyorum...,0
"Bu zamana kadar kullandigim en kötü  telefon şarj  yeri bozuk herhalde  sürekli nem algılandı ya da şarj aleti takıldı çıkarıldı uyarısı yapıyor, çoğu zaman şarja taksam bile şarj olmuyor 15-20 denemden sonra çok yavas şarj  oluyor, şarjı  birgün zor gidiyor,  kapağı çok dayanıksız üzerinde şeffaf kılıf olmasına rağmen  cebimdeyken bir yerinde ezik görünüyor. parmak izi sensor çoğu zaman tanımıyor. kamera görüntüsü kötü, video izlerken ekran otomatik yana dönmüyor vb. bir sürü sıkıntı kesinlikle tavsiye etmem",0
"hepsiburada siparisimi cok gec gonderdi. musteri hizmetlerine ulasmada cok gucluk cektim. ilgi alaka, hizmet kalitesi berbat. bir daha hepsiburada dan hicbir sey almayi dusunmuyorum.",0
"Çekim gücü çok zayıf bir telefon, j 4 telefonum bile daha iyi cekiyor",0
Hızlı ve gayet iyi telefon fakat iphone 5 bile bundan kat kat net fotoğraf çekiyor fotoğraf konusunda berbat ve bu büyük bir eksik,0
"Öncelikle şunu belirteyim pubg mobile oynayacağım diye 6 gb ram ine bakıp alacak olan arkadaşlar çok büyük hata yaparlar çünkü cihazın 6 gb ram le bir alakası yok ama sorarsan evet ram 6 gb ve oyunda kasıyor takılıyor akıcı oynatmıyor ben kanser oluyorum bilginiz olsun öyle netten oynatıyor diye bakmayın arkadaşlar. Bunun dışında genel kullanımda ve arayüzündede akıcılık yok takılmalar oluyor sayfa geçişlerinde. Ben bin pişman oldum bu parayı verip aldığıma acil elimden çıkarmam lazım. Kamerası idare eder, ses seviyesi idare eder, tasarıma baktığınızda oda idare eder ama performans isteyen varsa acil çıksın bu telefonun sayfasından.",0
Samsung a50 ilk hafta karşı taraftan gelen sesi duymak çok zor.Bazen hiç duyulmuyor.tavsiye etmiyorum,0
Çok şık ve performansı iyi bir telefon. Gün içerisinde yoğun kullanıyorsanız bitiyor. Ancak edge ekranı koruması zor. Telefonla gelen kılıf korumuyor. 2. haftada küçük bir darbeyle kırıldı ekran. Ses bozukluğu biraz var. Ek olarak şunu belirtmeliyim Türkçe menü konusunda Samsung saçmalamış. Diğer yeni modellere de baktım. Onlarda da varmış. Absürd kısaltmalar kullanmışlar. Bazıları anlamak mümkün bile değil. Bu alanın önde gelenlerinden diyebileceğimiz bir firma nasıl böyle bir özensizlik yapar çok şaşırdım doğrusu. Türkçe metinleri sığdırmak için hiç mi zaman harcamak istemediniz acaba? Türkiye'deki alıcılar nasıl olsa alır gözüyle bakılıyorlar galiba. Bundan dolayı Samsung telefonlar benim için bitmiştir. O nedenle 1 yıldız. ,0
2018 mayıs ayında satın aldığım note fan edition çok güzel tasarımlı ve Fiyat performans cihazıydı fakat son 1 ayda ekranı yandı yarısı kırmızı olarak görünüyor şarjı çabuk bitiyor ekran yanığı sanırım samsunglarda kronikmiş kimseye tavsiye etmiyorum ,0
Bu telefonu çok araştırarak ve beğenerek satın aldım. 4.5 ay severek kullandım taki tüm sensörler bozulana kadar.telefonun ileriki dönemlerde ortaya çıkan kronik sorunları var.sensör ve ekran dokunmatik arızaları gibi.teli servise gönderdim ve 24 iş günü sonrası heryere şikayet ederk para iadesi kararı verdiler.şansınız iyise sorunsuz bir note 7fe  denk gelebilir. Ama bir arıza çıktığında yedek parça sıkıntısı var.alacak olan arkadaşlara bol şanslar.,0
şebeke kildi soruyor yardımcı olun.,0
Arkadaşlar telefonun kısa sürede şarzı bitiyor.Böyle bi telefonun şarzı daha iyi olması gerekir.,0
ÜRÜN ALDIKTAN 1 AY SONRA EKRANIM KIRILDI 30 CMDEN DÜŞTÜ . EKRAN FİYATI CAN YAKACAK DÜZEYDE. ,0
çok pahalı indirime girmesini bekliyorum,0
Şarj inanılmaz kötü ,0
6 ay önce aldım ekranı kırdım ekranı bataryası vs. yedek parçaları hiç bir yerde yok telefonun delta servis de dahil.çekmecede duruyor telefon bunu göze alarak alın telefonu.,0
bu tarz telefonların modası bitti çöp..,0
"Arkadaşlar ürünü alalı 3 ay oldu ekran dokunmatiğinin sağ tarafı boydan boya gitti,dokunmatik o bölgede çalışmıyor.Garantiye götürdüm iade talebi ile Kronik bir sorun olabileceği söylendi.Şuan için beklemedeyiz, sonuçlandığında tekrar bilgisini vereceğim.",0
telefonu iki aydır kullanıyorum ilk başta hiçbir sorun yoktu bu aralar sürekli donma oluyor telefonu açıp kapatmak mümkün olmuyor tus kilitini açınca ana ekrana ulaşamıyorum ekran kararıyor garantiye göndereceğim umarım ilgilenirler,0
urunu çarsamba günü sipariş verdim bugun pazartesi ve hala elime ulaşmadı cuma günü aradığımda cumartesi gelir dediler şubeye gittim gelmedi dediler pazartesi aradım bugun evinize gelicek dediler gelen giden olmadı hepsi burada gibi kendini kanıtlamış bi firma ARAS KARGO gibi berbet bi kargo firmasıyla çalışmamalı,0
2 aydir kullaniyorum ve ekranda sorun cikti ısındıgı zaman ekrada bozuk tv gibi izler gidip geliyolar cekmeyen tv gibi ve bu cok can sıkıcı garantiye versem asla olumlu cevap alamicagimi bildigim için o topa girmek bile istemiyorum tamamen ekran tamamen bozulana kadar garantiye vermeyi denemicem,0
Telefon türkiye samsung garantili değil parçası bulunmuyor bir tek delta serviste var ekranı çok kırılgan ve hassas fiyatıda 1500tl ona göre alın!,0
Telefonun özelliklerine diyecek bir şey yok. bu fiyata mükemmel ötesi... Ama herhangi bir arızada veya ekran kırılmasında elinizde patlar. Ekranını bulamazsınız. Bu riski alırsanız alabilirseniz alabilirsiniz.,0
Garanti sorunlari nedeniyle tavsiye etmiyorum bu kadar para verip ölü piksel ile ugrasmayin,0
arkadaşlar telefonu alalı 1 hafta oldu aslında şimdiye kadar bi sorun yoktu fakat dünden beri ne iris tarama ne ışık sensörü ne hareket sensörü hiçbi sensör çalışmıyo telefonla konuşurken ekran ışığı açık kaliyo ekran döndürme sensörüde bozuldu reset attım düzelmedi garantiye de göndermek istemiyorum çünkü yapmayacaklarını ve ekstra masraf çıkaracaklarını biliyorum kısaca pişmanım siz siz olun apple gibi hizmet veren bi cihaz markası alın .not telefonu bi kere bile düşürmedim,0
hepsiekspress kargo çok kötü ürünüm 2 gün kargoda bekledi,0
cihaz ve özelliklerine diyecek birşey yok..ama velakin ekranı kirarsaniz elinizde patlar..yetkili servis dahil hiç bir yerde bulamazsınız..benim ağzım yandı sizinde yanmasin.,0

ilk çıktığı zaman fiyatina göre güzel bir telefondu ama ben yaklaşık 3 senedir bu telefonu kullaniyorum ilk aldiğimda çok memnundum ama artık bu fiyata bu telefonu 3e 4e katlayan telefonlar var. bu telefonun degeri 1000 liradan fazla olmamalı,0
1 yıl sonra titreşim ozelligini kaybetti çalarken titremiyor arama veya mesajları o yüzden geç görüyorüm. odaklanma rezalet.,0
Alınabilecek en kötü model samsungun. ekran parlaklığı ve netliği 0 Fotoğrafı çok iyi değil selfie kamerası pıxel pıxel. İşlemci ve grafiği de çok ahım şahım değil hafızası ise 16gb 2 uygulama indiriyorsun doluyor. Batarya iyi gibi. Ama kesinlikle tavsiye etmiyorum. 3 yıldır kullanıyorum idarelik ama S10 plus alacağım bir iki ay içerisinde.,0
"bunu alanın aklını kaçırdığını düşünüyorum. neden mi?

Kamera: Odaklama çok yavaş, netlik orta
Batarya: iyidir
Oyun/p: pek iyi değil
Ön kamera: karanlıkta pikselleri görmek desem????
Dokunmatik: alalı 1 sene oldu, bazen basmıyor.
ekran: gözleri yormuyor ama, hafif dokununca, izler var

Kesinlikle almayın!!!!!!!!!",0
alınabilecek en kötü telefon definitely,0
"TELEFONDA EXYNOS 7885 VAR
4 GB RAM +ONE UI 1.1AYRICA ANDROIDQ GELIYOR
TELI ANTUTU J SERISININ EN IYISI 
98 .BUCUKLARDA
KAMERA CIFT 13+5",0
Hiç bir uygulama inmiyor  bune bw,0
Bu güne kadar kullandigim samsung telefonlarin için de en berabat olanı.,0
Kesinlikle memnun kalmadım 5 defa servise gitti yine gidecek,0
Ram ve hafızasına güvenmeyin kesinlikle alınmaz çok kasıyor bildiğiniz esek,0
Almayın aldırmayın pismanim buna bu kadar para verdiğim için,0
"2 adet aldım eşime ve anneme, çok pişman oldum.. eşimin telefonda  kısa sürede şarj soket yeri bozuldu ve geç şarj oluyor, arka kamera da  bozuldu odaklanmıyor. Annemin telefonda da şarj sorunu ortaya çıktı kronik bir durum galiba oda çok geç şarj olmaya başladı..",0
"Aynı fiyata daha iyi telefonlar varken bunu almak pek mantıklı değil,  kamera iyi değil",0
"Ürünün iyi ve kötü yanları mevcut,

Şarj süresi çok gitsin, çok fazla telefonla oyun oynamam, arada bir fotoğraf çekersem çekerim , uygulama ile işim olmaz diyorsan telefon iş görür.

Ama telefona iki oyun yükleyin, sosyal medya uygulamarı yüklemessem olmaz, e fotoğraf ta çekerim diyorsan uzaklaş direk telefondan, 16 gb hafıza sı olan telefondan çok iyi bir performans beklemeyin.
Şimdi diyecekseniz ki e hafıza kartı takarım. uygulamalar telefonun içine yükleniyor en azından %90 ı. yani sana çok bir şey de kalmıyor . zaten android dolduruyor telefonu.

Kullandıkça daha da öğreneceğiniz bir şey de, sürekli olarak uygalamaların durduruldu hatası vermesi. . kronik bir durum bu . her telefonda görürsünüz. ıstagram a girersiniz durduruldu, facebook durduruldu. kaldır yeniden yükle vs vs .. bir dünya iş.

Kamera olayına girecek olursak, telefon çok geç odaklanıyor, istediğiniz görüntüyü alamıyorsunuz.

Ben yandım eller yanmasın uzaklaşın..",0
cihaz 5 para etmez paranıza yazık etmeyin başka bi marka başka bi telefon alın 2 ayda donmaya başladı hicbir işlem yapamıyorum,0
objektif bir yorum yapmak gerekirse kamera acisindan eksikleri vardir. Ois yok manuel olarak shutter speed ayarlayamiyoruz tabi bunlar kisisel tercihtir fakat ois mutlaka olmali kamerada titresimi azaltmak icin,0
Kesinlikle parasını hakeden bir telefon değil.Otamatik ışık ayarlayıcı yok.Gps desen seni saçma sapan yerlere götürmekte.Kameralar odaklanmıyor.Ekran oldukça kötü.,0
"tüketici hakkımız olmasına rağmen kargocu alındı imzasından önce paketi açtırmadı 
Kırık dökük çıkarsa hepsiburada böyle yolluyormuş...sorumluluğu bu şekilde üzerinden atıyor arkadaş(bilginize, Aydın Kuşadası Aras Kargo - Sabah 10-11 arası servise çıkan eleman)
Hepsiburadanın elektronink eşya paketleme konusunda ne kadar titiz olduğunu bildiğimiz için konu üzerinde fazla durmadık.
Aras Kargo elemanlarının şirketiniz hakkında ne düşündüğünü belirtmek istedik.",0
ilk başta şarjı 2 gün gidiyordu ama şimdi 6 saat dayanıyor(6ay oldu) hoparlorden çıkan ses yankılanıyor. sürekli donuyor. hiç birşey yapamiyorum. biraz daha para ekleyin daha iyi bir telefon alin pişman olursunuz 5 aydan sonra :),0
bu ürün çok adi ben aldım garantisi daha dolmadan şarz etme sorunu oldu bozuldu garantiye yolalıyacağım bir dünya iş ,0
arkadaşlar telefonu bu siteden almadım ama telefon gerçekten iyi bir telefon değil  bence almayın fiyatı uygun ama kullanılacak bir telefon değil kasma falan yapıyor ekranı berbat kamera ise sulu boya yapar gibi çekiyor özellikle ön kamera bunun yerine bu fiyatta gerçekten iyi telefonlar var bence almayın,0
Sakın almayın bu telefonu ben almadığım için çok mutluyum. Butçeniz bu fiyat aralıgındaysa koşarak Xiaomi mi A1 alın bana dua edersiniz. J7 prime ı bir arkadaşım aldı pubg ye bile girmiyor telefon çok çok çok kötü bı işlemcisi var aman diyim almayın. Hemen gidip bı Xiaomi A1 siparişi verin,0
Kesinlikle tavsiye etmem ekran büyük kullanışsız şarj sorunu var tuşlar basmıyor almayın derim,0
ürün çok ısınıyor ayrıca ekran arada kendi kendine kayıp duruyor....,0
kargolari kağnı arabasi gibi çalışıyor  halada beklemedeyiz  aras kargo =kağnı arabasidir bunu bilipte öyle  isteyin bakalim ürün  nasil onu merak ediyorum ,0
"Samsung pişmanlıktır samsung almamanız için üç sebep
1-Samsung un her telefonunda olduğu gibi bunda da çok kısa bir süre sonra batarya ölüyor
2-telefon her geçen gün hızı yavaşlıyor 
3-depo kapasitesi çok fazla uygulama yüklemesen bile bitiyor bir süre sonra 
aldım pişman oldum ",0
"pili uzun gidiyor, hafızası iyi derken 4 adet aldık. tüm ailenin telefonunu yeniledik. fakat 6 ay sonunda pil zayıfladı,  dahili hafıza ise yüklenen programlardan (facebook, twitter, whatsapp, gibi... oyun zaten yok) çok çabuk şişiyor. fabrika ayarlarına dönsenizde bir süre sonra yine sorun çıkıyor. Hiç tavsiye etmiyorum.",0
telefonun ses sistemi çok kötü. karşıdan gelen sesler uzaydan gelen sesler gibi. kesinlikle tavsiye etmiyorum,0
"Telefon hakikaten berbat. 1 senedir kullanıyorum. 
-Kamera : Berbat (tost makinası daha güzel çekiyo)
-Oyunlar: Ciddi anlamda kasıyor işlemcisine güvenip almayın 
-Ekran : TFT ekran olduğu için aşırı soluk bu da bir süre sonra rahatsızlık veriyor. 
-Şarj : 1 gün gidiyor",0
Aldım bozuldu garanti için tamire gönderdim geri aradılar ekranda çizik varmış içini açmaları için önce ekran değişmesi gerekirmiş o da garanti dışında. gönderdim 300 tl fakat hala bi gelişme yok. şöyle bi durum da var ekranda kullanıcı hatası olduğu için tamir süresi 20 gün değil tamir süresiz. Valla bekliyoruz bakalım samsungu servis konusunda göstermiş olduğu üstün kurnazlıktan dolayı tebrik ederim. hepsiburadayıda bu eleştiriyi yayınladığı için tebrik ederim.,0
O gün içinde kargoda olacağını tahaddut etmelerine rağmen ürünü 2 gün sonra kargoya verip haftasonuna denk geldiği için ürünü 12 km yol gidip kargodan kendim aldim. Anneler günü hediyesi almıştım. Gününde gelmedi maalesef. Acil ihtiyaç için alıyorsanız ürünü hemen göndermiyorlar bilginize....,0
Arkadaşlar ilk aldığım Samsung ürün. Henüz 5 aylık kendi orijinal şarjındayken telefon ve şarj kablosu yandı. Samsung Türkiye değişimi kabul etmedi ve parça değişiminde ısrar ettiler. Neredeyse ev yanacaktı. Umursamıyorlar. Samsung Türkiye’ye güvenmeyin.,0
"4 gündür kullanıyorum aşırı derecede ısınıyor 

Zahmet edip kutunun içine faturada koyma
mıslar kesinlike almayın pişman olursunuz.
",0
Super hızlı 5 günde gelir ??????????????,0
aldığım telefonun ekranın alt kısmında kararma vardı. sıfır diye alıyoruz karşılaştığımız ürün sorunlu..,0
arkadaşlar tft ekran gerçekten eski bir teknoloji bu telefonu almamak için çok önemli bir etken zaten telefonun fiyatının uygun olmasının 1.nedeni budur onun dışında android 7.0 güncellemesi alıyor malzeme kalitesi düşük hoparlörleri yan tarafında bulunuyor ve ses kalitesini düşürüyor,0
J7 prime 16 gb gold kullanmaktayım 1 yıl oldu içine whatsapp hariç uygulama yüklemedim 8 ay oldu alalı kamerası puslu çekmeye başladı bazen kasıyor j7 daha iyi yada j7 pro asla prime tavsiye etmiyorum ,0
Neden hafızası bu kadar düşük? Bence büyük eksiklik!,0
Paketleme faln hepsi güzel ama tel berbat Huawei p9 lite 2017 ile karşılaştırın görürsünüz farkı arkadaşımda var bende p9 lite 2017 var karşılaştırdık p9 fark atıyor. Marka takıntısı var arkadaşın kamerası bin basar performansı 2 katı kirin 655 ve exynos 7880 karşılaştırın kirin 655 bin basar,0
Güzel,0
"Cihazı alalı daha iki ay olmadan cihazın parmak okuyucu menüsü mevcut değildi ve donma, kasma,aşırı ısınmalar da cabası.Daha cihazı alır almaz servise verdim.İyi Düşünün.",0
"Ürünü alalı neredeyse 8 ay oldu. İlk başlarda iyidi ama bir süre sonra fps de aşırı derecede düşüş yaşadım. Önceden  ortalama, yüksek ayarlarda 50-60 fps alıyordum, şimdi ise düşük ayarlarda 50 fps zor alıyorum. Sorunum tek bu da değil. Yeni gelen Android pie yani 9.1 sürümüyle güncelledim ve o kadar kasmaya başladı ki  anlatamam. İşin özü uzak durun size tavsiyem budur.",0
yamuluyor kesinlikle almayın hic iyi bi cihaz degil,0
ürünü aldıktan sonra sorun çıkıyor telefon kapanıyor ve şu anda kullanılmıyor...magdur oldum,0
Yan sanayisi honor play de pubg hd de kasmadan oynarken bu telefon da en düşükte bile oynıyamıyorum açıkçası aldığıma çok pişmanım,0
Arkadaşlar yaklaşık 2 aydır kullanıyorum şarjı günü çıkarmıyor. Şöyle ki sabah 7.30 da şarjdan çıkartıyorum akşam 5 demiyor. Telefonumda oyun felan yüklü değil. Değişim talep ettim geri dönüş olmadı. İyi düşünün,0
Kesinlikle alınmaması gereken bir telefon. Bluetooth hiç bir aygıtla eşleşmiyor. Kullanışlı değil. Hele ki o nokta kadar bildirim ışığı tam facia. Samsung s5 kullanıyordum kesinlikle s5 e göre berbat bi telefon.,0
İlk zamanlarda her şey çok güzel bi kaç ay sonra telefon donmaktan başka bir işlem yapmıyor almayın pişmanlık kesinlikle,0
COK KOTU BEGENEMEDİM SAMSUN ALIN,0
bu kadar vasat bir cihaz yok,0
"Nasıl oluyor anlamıyorum okadar dikkat etmeme rağmen telefon yamulmuş. Bir baktım herkesin telefonu yamulmuş meğer aleminyum kasa yüzünden diyor diğer kullanan arkadaşlar. Bu uyarıyı lütfen dikkate alın arkadaşlar telefon 

ya mu lu yorrrrrr.........!",0
Dün aldık bugün teslim edilecek diye yazıyor hayla hazırlık aşamasında - Cep ekspress beklemeye devam.,0
Alacaklara tavsiyemdir. Kesinlikle bulaşmayın bu telefona.malzeme kalitesi çok kötü. Şarzı 3000 mah a göre az gidiyor. Ben pişman oldum aldığıma,0
Aldığım ay ekranı kırıldı. İlk 3 ay ekran kırıldığında değişim ücretsizmiş. Keşke bunu belirtseydiz.,0
7 aydır kullanıyorum bu telefonu aldığıma çok pişmanım. 4 GB ram yazıyor ama 2 GB lik telefonlarla aynı hız ve performansa sahip. Huawei telefonlarında lite serilerinde aynı sıkıntılar mevcut. Bu telefonu alacağınıza xiaomi mi 8 lite alın daha iyi. Kamerası çok iyi değil. Uzun lafın kısası huawei reklamlarına aldanıp almayın derim. ,0
Telefon kendiliğinden yamuldu garantiye verdim kullanıcı hatası olarak gördü oyunlarda aşırı kasıyor ve donuyor,0
"Fiyat olarak cezbedici bir telefon fakat performans ve işlemci olarak çok çok kötü küçük beklentileri karşılayan, oyun oynamayı düşünüyorsanız sinirden telefonu kirabilirsiniz 1000 liralık HTC bile pubg oyununda bunun kadar kasmıyor verdiğim paraya yazık.",0
Şarj Günü Çıkarması Zor Ve Oyunda Donma oluyor. Kamerasıda Pek iyi Sayılmaz.,0
ÇOK GÜZEL AMA PAHALI ,0
Gövdesi ekranı hiç dayanıklı değil ekranı kırılmayan p20 lite kullanıcısı görmedim. Servise verdim 1 ayda geldi ekranın içinde leke var suan dandik malzeme.,0
oyun oynayan almasın bu telefonu xiomi alın,0
"Güzel marka, güzel telefon ancak Türkiye servisleri olan FixSmart(cihan elektronik) yüzünden asla tavsiye etmiyorum, İthalatçı garantili alın daha iyi, boşuna Huawei Türkiye Garanti parası vermeyin. İthalatçı firma daha çok arkasında durur ürünün",0
"şık ve hoş görünüşlü bir cihaz. şarj da iyi.  ama kamera performansı kötü. haricinde iyi sayılır. fotografla işim olmaz, sadece telefon istiyorum  derseniz alın  yoksa uzak durun",0
ekranlari sorunlu performans desen hak getire kameralar vasat Zenfone 5 almak en mantiklisi o cafcafli renklerle olmuyor vu isler,0
"Hepsiburada kargoya çok geç teslim etti... Hızlı kargo yazmasına rağmen 6 günde geldi. Kargolamada sınıfta kaldı.

Telefonu tavsiye ederim. Ürün güzel.",0
??????????bir iphone değil aldığma pişman olduö,0
3. gün henüz kargoya verilmedi,0
4 aylık telefon ekranda harelenme oldu gerisini sen düşün...,0
Alali 1 ay oldu onceki telefonum samsung a5 mumla ariyorum. Hizli sarj yok sarj ucu farkli alirken dikkat etmemistim o yuzden sarj aletiniz kablonuz surekli yaninizda olmali kamerasi idare eder telefondan surekli muzik dinleyen bi insansaniz zaten telefondan igrenmeniz uzun surmez. Daha once a5 le oynadigim oyunla en ufak bi isinma sorunu yasamiyodum bu telefon ates atiyor resmen. En yakin zamanda tekrar samsung a donus yapicam bir dahada kesinlikle sasmam. Tek artisi telefonun boyutlari inceligi...,0
Bu tek yıldızı ürüne değil hepsiburadanın dağıtım şirketi olan hepsieksprese veriyorum. İşyerimden 500 metre uzaktaki merkezlerinden teslim etmeleri 5 gün sürdü. ,0
Süper hızlıymış yalan dolan bu satıcıdan uzak durun 3 gün sonra ulaştı elime onuda gittim kendim aldım kargodan,0
alalı 10 gün oldu dokunmatik arızalandı nerde yaptiracagimida bilmiyorum şuan telefonsuz kaldim bilginize,0
Çok büyük heyecan ve çok büyük {bu sekment e göre} beklentilerim vardı hepsi yerlebir oldu. Almayın arkadaşlar tavsiye etmiyorum kasıyor ısınıyor çok kötü şarj dayanmıyor almayın..,0
telefonu alalı 1 hafta oldu telefonun kasasında yamukluk olduğunu farkettim.bilmiyorum sizlerde de var mı aynı sorun.yeni servise gönderdim .ayrıca batarya da o kadar iyi değil ortalama kullanımda 1 gunu çıkarmıyor.,0
Dikkatli olun kargo hepsiexpress ile geliyor gün içerisinde teslim edeceğiz diye bir mesaj geliyor.. Eve geldikleri anda evde bulamazlarsa (kargo merkezleri olmadığı için) ürünü geri fabrikaya götürüyorlar..  yani teslim alamayabilirsiniz..,0
ARAS KARGO REZALET,0
Telefonu elime aldığımda ekranın sol köşesinde bir leke vardı. Servise gönderdim. Yeni bir telefon talebinde bulundum. Telefonun hatalı olduğu kabul ettiler fakat kutusuz siyah rengini verebilecekleri söylediler. Ücret iadesi istediğimde kabul etmediler. Siyah telefonu almazsan bozuk olan telefonu göndereceklerini söylediler. Huawie dünyada en çok Türkiye telefon satmasına rağmen ufak hesaplar yapan bir marka,0
Kamera kötü f/2.2 değeri düşük baya ekran kalitesi iyi değil büyük ihtimalle düşük LCD tipi kullanıyorlar.,0
"2018 yılında çıkan bir telefon ve VoLTE - VoWiFi yani Wi-Fi üzerinden arama özelliği yok! 
Büyük rezalet!",0
Ürün daha elime ulaşamadı bile. Aras kargo iğrenç!! Bu siteden bir daha alışveriş yapmıcam böyle kalitesiz kargo firmaları ile çalıştıkları sürece.,0
Tek sorunu gün içerisinde çok donması. bu sorunda önemli sorun :(,0
ŞARJI ÇOOK ÇABUK BİTİYOR,0
Pahalı,0
Bu bir geribildirimdir. An itibari ile şebekem yok olmuş durumda. Hiçbir hat çalışmıyor.,0
ilk başlarda sıkıntı yoktu ama şimdi kendi kendine dokunmatik basıyor kapatıp açınca düzeliyor ama çok sinir ediyor kırarım bugidisle !,0
Çok güzel bir telefon. Tavsiye ederim.,0
"telefonun SAR değeri 1.0 ın  üzerinde hem AB  hemde ABD  normlarına göre. bana göre çok yüksek .yani yaydığı radyasyon yüksek  
illaki  televizyonda o kadar yayıyor  diyecek kullanıcılar vardır. ancak televizyonu cebime sokup yanımda götürmüyorum yada kulağımı dayayıp  konuşmuyorum .o nedenle aynı özelliklerde düşük SAR değerli modellere yöneldim. hepsiburada da çeşit çok ",0
Xiaomi telefonların SAR değeri(radyoaktif) çok yüksek.O yüzden tercih etmiyorum.Bu telefonun ki 1.013 W/kg imiş.Telefon almadan önce alacağınız telefonun SAR değerine bakmanızı öneririm.,0
telefonu yeni aldım dokunmatiği çok iyi değil ayrıca Pil 4000 amper değil bence 3000 amper gibi pilden çok büyük bekletiniz olmasın ben öyle telefon ile çok uğraşan biri değilim oyun falan oynamam telefonumda oyun bile yok günde video izlemem 15-20 dk bir telefon görüşmem olur sosyal medya ile işim olmaz buna rağmen pil 36 saatte bitti yani bir buçuk gün dayandı bilginiz olsun üstelik (Pil tasarrufu) açık halde Pil konusunda beni hüsrana uğrattı onun dışında her şey iyi gayet hızlı bir telefon ,0
pubg oynarken ve bazen mesaj yazarken dokunmatik 1-2 saniye basmıyor,0
Ses kaydı inanılmaz kötü. Sesler derinden ve boğuk geliyor. Tiz sesleri neredeyse algılamıyor. Bu sizin için önemliyse uzak durun. Ben keşfettikçe olumsuz yönlerini paylaşmayı düşünüyorum.,0
"Cebinizde her bilginizi talep eden, kamera ve mikrofona erişim izni vermediğinizde kullanılamayan bir casus taşıyorsunuz. Misal; Çektiğiniz videoyu izlemek için arama yapma, aramaları yönlendirme, mesaj gönderme ve alma izni vermek zorundasınız. Ayrıca kendi uygulamalarında bile reklamlar var. Çok can sıkıcı bir durum. Android 8 ve MIUI 10 Güncellemeleri telefonu biraz daha kullanışlı yapsa da,. hala güvenlik konusunda tedirginliğe çare olmuyor. Bu telefonu kullanmak isterseniz, dilediği zaman dilediği şekilde sesinizi kaydetmesine ve görüntülerinizi çekmesine izin vermek zorundasınız. Bu telefonu almadan önce forumları okumanızı tavsiye ederim.",0
sar değeri felaket malzeme kalitesi çok düşük,0
Ürünü 16'sında sipariş ettim hala elime ulaşmadı.Tahmini teslimat tarihi 27 Ağustos gösteriyor şuanda. Kargo hizmeti sağolsun telefonu yorumlayacak bilgiye sahip değilim.,0
ürünü sıfır almama rağm en açılmış paket geldi. kullanılmış jelatinli açık geldi. aynı gün geri kargoya verdim 1 haftayı geçti ama hala geri dönüş yapmadılar. çok yardımcı oldular kendi içlerinde gerçekten çok iyi anlaşıyorlar kimsenin kimseden haberi yok güzel sistem...,0
"Telefonu sipariş edeli 6 gün oldu hala telefon bana ulaşmadı ,hızlı kargo aynı gün kargo hikaye ,telefon gelirse telefon hakkında da yorum yazarım ama satıcı alakasız madem bu kadar geç göndereceksin arayıp bir bilgilendirme yap.",0
Telefonla beraber telefonun kulaklığı gelmedi kulaklığın yollanmasını istiyorum ,0
faturamı hala göndermediler. alalı 2 hafta oldu. ayrıca ımei nedeniyle telefonunuz kapatılacak diye mesaj geldi. anlamadım hala niye fatura gelmez ve bu mesaj da neyin nesidir. kim ilgilenecek yardımcı olurlarsa sevineceğim. ,0
Telefon hızlı kargo ile geldi ama sim kartını görmüyor şebeke sorunu var iade ettim.Arkadaşlarda almış burdan onlardada şebeke sorunu var bakalım ücret iadesi alabilecekmiyim. ,0
cihazı göremedim fakat süreci söyleyeyim berbat hepsiexpressle sakın alışveriş  yapmayın böyle basit bir firma olamaz sabah arayıp sorduğum temsilci kesinlikle mesai bitimine kadar gelecek demesine rağmen gelmedi ve beni bütün gün işe bağladılar bunu beklemek yüzünden böyle rezillik olmaz yazık 3 sefer sordum halbuki mümkünse başka satıcıdan başka firmadan alın.,0


